{"precision": 0.0, "recall": 0.0, "hmean": 0, "pairs": [], "AP": 0, "iouMat": [[0.0014282843362425357, 0.0, 0.0, 0.0, 0.0], [0.0017333199356913184, 0.0, 0.0, 0.0, 0.0], [0.0012057877813504824, 0.0, 0.0, 0.0, 0.0], [0.0, 0.0, 0.0, 0.0, 0.0]], "gtPolPoints": [[787.0, 372.0, 815.0, 378.0, 814.0, 392.0, 786.0, 386.0], [770.0, 412.0, 814.0, 424.0, 815.0, 436.0, 770.0, 422.0], [781.0, 347.0, 814.0, 352.0, 813.0, 363.0, 780.0, 356.0], [1182.0, 333.0, 1252.0, 318.0, 1255.0, 356.0, 1186.0, 371.0]], "detPolPoints": [[374.0, 201.0, 858.0, 238.0, 820.0, 811.0, 337.0, 775.0], [919.0, 358.0, 1401.0, 384.0, 1373.0, 971.0, 891.0, 945.0], [256.0, 22.0, 322.0, 4.0, 430.0, 452.0, 363.0, 470.0], [330.0, 367.0, 363.0, 361.0, 420.0, 697.0, 387.0, 703.0], [789.0, 471.0, 836.0, 483.0, 705.0, 1085.0, 658.0, 1073.0]], "gtDontCare": [1, 2, 3], "detDontCare": [], "evaluationParams": {"IOU_CONSTRAINT": 0.5, "AREA_PRECISION_CONSTRAINT": 0.5, "GT_SAMPLE_NAME_2_ID": "gt_img_([0-9]+).txt", "DET_SAMPLE_NAME_2_ID": "res_img_([0-9]+).txt", "LTRB": false, "CRLF": false, "CONFIDENCES": false, "PER_SAMPLE_RESULTS": true}, "evaluationLog": "GT polygons: 4 (3 don't care)\nDET polygons: 5\n"}