{"precision": 0.0, "recall": 0.0, "hmean": 0, "pairs": [], "AP": 0, "iouMat": [[0.004531647197775422, 0.015411558669001752, 0.0], [0.0, 0.0, 0.0]], "gtPolPoints": [[869.0, 425.0, 977.0, 415.0, 982.0, 445.0, 873.0, 455.0], [470.0, 91.0, 538.0, 82.0, 540.0, 98.0, 472.0, 106.0]], "detPolPoints": [[438.0, 151.0, 928.0, 183.0, 895.0, 758.0, 405.0, 726.0], [801.0, 88.0, 1179.0, 17.0, 1272.0, 566.0, 894.0, 637.0], [1046.0, 409.0, 1529.0, 430.0, 1507.0, 1029.0, 1024.0, 1009.0]], "gtDontCare": [], "detDontCare": [], "evaluationParams": {"IOU_CONSTRAINT": 0.5, "AREA_PRECISION_CONSTRAINT": 0.5, "GT_SAMPLE_NAME_2_ID": "gt_img_([0-9]+).txt", "DET_SAMPLE_NAME_2_ID": "res_img_([0-9]+).txt", "LTRB": false, "CRLF": false, "CONFIDENCES": false, "PER_SAMPLE_RESULTS": true}, "evaluationLog": "GT polygons: 2\nDET polygons: 3\n"}